ccode,year,month,meth,firstusers_cmeth_DE,nseizes_cmeth_DE,kg_cmeth_DE,druglabbusts_DE,hospitalizations_CH,offences_meth_gesamt_CH,offences_anbau_herstellung_SF,offenders_anbau_herstellung_SF,offences_besitz_sicherst_SF,offenders_besitz_sicherst_SF,offences_handel_SF,offenders_handel_SF,offences_einfuhr_SF,offenders_einfuhr_SF,offences_handel_gesamt,offenders_handel_gesamt,offences_konsum_gesamt,offenders_konsum_gesamt,offences_besitz_sst_gesamt,offenders_besitz_sst_gesamt,offences_anbau_herst_gesamt,offenders_anbau_herst_gesamt,offences_schmuggel_gesamt,offenders_schmuggel_gesamt,offences_meth_AT
AT,2004,1,0,,,,,,,,,,,,,,,,,,,,,,,,,102
AT,2004,2,0,,,,,,,,,,,,,,,,,,,,,,,,,102
AT,2004,3,0,,,,,,,,,,,,,,,,,,,,,,,,,102
AT,2004,4,0,,,,,,,,,,,,,,,,,,,,,,,,,102
AT,2004,5,0,,,,,,,,,,,,,,,,,,,,,,,,,102
AT,2004,6,0,,,,,,,,,,,,,,,,,,,,,,,,,102
AT,2004,7,0,,,,,,,,,,,,,,,,,,,,,,,,,102
AT,2004,8,0,,,,,,,,,,,,,,,,,,,,,,,,,102
AT,2004,9,0,,,,,,,,,,,,,,,,,,,,,,,,,102
AT,2004,10,0,,,,,,,,,,,,,,,,,,,,,,,,,102
AT,2004,11,0,,,,,,,,,,,,,,,,,,,,,,,,,102
AT,2004,12,0,,,,,,,,,,,,,,,,,,,,,,,,,102
AT,2005,1,0,,,,,,,,,,,,,,,,,,,,,,,,,131
AT,2005,2,0,,,,,,,,,,,,,,,,,,,,,,,,,131
AT,2005,3,0,,,,,,,,,,,,,,,,,,,,,,,,,131
AT,2005,4,0,,,,,,,,,,,,,,,,,,,,,,,,,131
AT,2005,5,0,,,,,,,,,,,,,,,,,,,,,,,,,131
AT,2005,6,0,,,,,,,,,,,,,,,,,,,,,,,,,131
AT,2005,7,0,,,,,,,,,,,,,,,,,,,,,,,,,131
AT,2005,8,0,,,,,,,,,,,,,,,,,,,,,,,,,131
AT,2005,9,0,,,,,,,,,,,,,,,,,,,,,,,,,131
AT,2005,10,0,,,,,,,,,,,,,,,,,,,,,,,,,131
AT,2005,11,0,,,,,,,,,,,,,,,,,,,,,,,,,131
AT,2005,12,0,,,,,,,,,,,,,,,,,,,,,,,,,131
AT,2006,1,0,,,,,,,,,,,,,,,,,,,,,,,,,136
AT,2006,2,0,,,,,,,,,,,,,,,,,,,,,,,,,136
AT,2006,3,0,,,,,,,,,,,,,,,,,,,,,,,,,136
AT,2006,4,0,,,,,,,,,,,,,,,,,,,,,,,,,136
AT,2006,5,100,,,,,,,,,,,,,,,,,,,,,,,,,136
AT,2006,6,0,,,,,,,,,,,,,,,,,,,,,,,,,136
AT,2006,7,0,,,,,,,,,,,,,,,,,,,,,,,,,136
AT,2006,8,0,,,,,,,,,,,,,,,,,,,,,,,,,136
AT,2006,9,0,,,,,,,,,,,,,,,,,,,,,,,,,136
AT,2006,10,0,,,,,,,,,,,,,,,,,,,,,,,,,136
AT,2006,11,0,,,,,,,,,,,,,,,,,,,,,,,,,136
AT,2006,12,0,,,,,,,,,,,,,,,,,,,,,,,,,136
AT,2007,1,0,,,,,,,,,,,,,,,,,,,,,,,,,198
AT,2007,2,0,,,,,,,,,,,,,,,,,,,,,,,,,198
AT,2007,3,0,,,,,,,,,,,,,,,,,,,,,,,,,198
AT,2007,4,0,,,,,,,,,,,,,,,,,,,,,,,,,198
AT,2007,5,0,,,,,,,,,,,,,,,,,,,,,,,,,198
AT,2007,6,0,,,,,,,,,,,,,,,,,,,,,,,,,198
AT,2007,7,0,,,,,,,,,,,,,,,,,,,,,,,,,198
AT,2007,8,0,,,,,,,,,,,,,,,,,,,,,,,,,198
AT,2007,9,0,,,,,,,,,,,,,,,,,,,,,,,,,198
AT,2007,10,0,,,,,,,,,,,,,,,,,,,,,,,,,198
AT,2007,11,0,,,,,,,,,,,,,,,,,,,,,,,,,198
AT,2007,12,0,,,,,,,,,,,,,,,,,,,,,,,,,198
AT,2008,1,0,,,,,,,,,,,,,,,,,,,,,,,,,109
AT,2008,2,58,,,,,,,,,,,,,,,,,,,,,,,,,109
AT,2008,3,0,,,,,,,,,,,,,,,,,,,,,,,,,109
AT,2008,4,0,,,,,,,,,,,,,,,,,,,,,,,,,109
AT,2008,5,0,,,,,,,,,,,,,,,,,,,,,,,,,109
AT,2008,6,0,,,,,,,,,,,,,,,,,,,,,,,,,109
AT,2008,7,0,,,,,,,,,,,,,,,,,,,,,,,,,109
AT,2008,8,0,,,,,,,,,,,,,,,,,,,,,,,,,109
AT,2008,9,0,,,,,,,,,,,,,,,,,,,,,,,,,109
AT,2008,10,0,,,,,,,,,,,,,,,,,,,,,,,,,109
AT,2008,11,0,,,,,,,,,,,,,,,,,,,,,,,,,109
AT,2008,12,0,,,,,,,,,,,,,,,,,,,,,,,,,109
AT,2009,1,0,,,,,,,,,,,,,,,,,,,,,,,,,187
AT,2009,2,0,,,,,,,,,,,,,,,,,,,,,,,,,187
AT,2009,3,0,,,,,,,,,,,,,,,,,,,,,,,,,187
AT,2009,4,0,,,,,,,,,,,,,,,,,,,,,,,,,187
AT,2009,5,0,,,,,,,,,,,,,,,,,,,,,,,,,187
AT,2009,6,0,,,,,,,,,,,,,,,,,,,,,,,,,187
AT,2009,7,0,,,,,,,,,,,,,,,,,,,,,,,,,187
AT,2009,8,0,,,,,,,,,,,,,,,,,,,,,,,,,187
AT,2009,9,0,,,,,,,,,,,,,,,,,,,,,,,,,187
AT,2009,10,66,,,,,,,,,,,,,,,,,,,,,,,,,187
AT,2009,11,0,,,,,,,,,,,,,,,,,,,,,,,,,187
AT,2009,12,0,,,,,,,,,,,,,,,,,,,,,,,,,187
AT,2010,1,0,,,,,,,,,,,,,,,,,,,,,,,,,294
AT,2010,2,0,,,,,,,,,,,,,,,,,,,,,,,,,294
AT,2010,3,0,,,,,,,,,,,,,,,,,,,,,,,,,294
AT,2010,4,0,,,,,,,,,,,,,,,,,,,,,,,,,294
AT,2010,5,0,,,,,,,,,,,,,,,,,,,,,,,,,294
AT,2010,6,0,,,,,,,,,,,,,,,,,,,,,,,,,294
AT,2010,7,0,,,,,,,,,,,,,,,,,,,,,,,,,294
AT,2010,8,0,,,,,,,,,,,,,,,,,,,,,,,,,294
AT,2010,9,0,,,,,,,,,,,,,,,,,,,,,,,,,294
AT,2010,10,0,,,,,,,,,,,,,,,,,,,,,,,,,294
AT,2010,11,84,,,,,,,,,,,,,,,,,,,,,,,,,294
AT,2010,12,0,,,,,,,,,,,,,,,,,,,,,,,,,294
AT,2011,1,93,,,,,,,,,,,,,,,,,,,,,,,,,510
AT,2011,2,109,,,,,,,,,,,,,,,,,,,,,,,,,510
AT,2011,3,23,,,,,,,,,,,,,,,,,,,,,,,,,510
AT,2011,4,55,,,,,,,,,,,,,,,,,,,,,,,,,510
AT,2011,5,130,,,,,,,,,,,,,,,,,,,,,,,,,510
AT,2011,6,130,,,,,,,,,,,,,,,,,,,,,,,,,510
AT,2011,7,142,,,,,,,,,,,,,,,,,,,,,,,,,510
AT,2011,8,119,,,,,,,,,,,,,,,,,,,,,,,,,510
AT,2011,9,108,,,,,,,,,,,,,,,,,,,,,,,,,510
AT,2011,10,133,,,,,,,,,,,,,,,,,,,,,,,,,510
AT,2011,11,95,,,,,,,,,,,,,,,,,,,,,,,,,510
AT,2011,12,95,,,,,,,,,,,,,,,,,,,,,,,,,510
AT,2012,1,107,,,,,,,,,,,,,,,,,,,,,,,,,837
AT,2012,2,103,,,,,,,,,,,,,,,,,,,,,,,,,837
AT,2012,3,80,,,,,,,,,,,,,,,,,,,,,,,,,837
AT,2012,4,112,,,,,,,,,,,,,,,,,,,,,,,,,837
AT,2012,5,104,,,,,,,,,,,,,,,,,,,,,,,,,837
AT,2012,6,88,,,,,,,,,,,,,,,,,,,,,,,,,837
AT,2012,7,111,,,,,,,,,,,,,,,,,,,,,,,,,837
AT,2012,8,96,,,,,,,,,,,,,,,,,,,,,,,,,837
AT,2012,9,125,,,,,,,,,,,,,,,,,,,,,,,,,837
AT,2012,10,86,,,,,,,,,,,,,,,,,,,,,,,,,837
AT,2012,11,88,,,,,,,,,,,,,,,,,,,,,,,,,837
AT,2012,12,132,,,,,,,,,,,,,,,,,,,,,,,,,837
AT,2013,1,97,,,,,,,,,,,,,,,,,,,,,,,,,1337
AT,2013,2,118,,,,,,,,,,,,,,,,,,,,,,,,,1337
AT,2013,3,129,,,,,,,,,,,,,,,,,,,,,,,,,1337
AT,2013,4,117,,,,,,,,,,,,,,,,,,,,,,,,,1337
AT,2013,5,97,,,,,,,,,,,,,,,,,,,,,,,,,1337
AT,2013,6,111,,,,,,,,,,,,,,,,,,,,,,,,,1337
AT,2013,7,100,,,,,,,,,,,,,,,,,,,,,,,,,1337
AT,2013,8,104,,,,,,,,,,,,,,,,,,,,,,,,,1337
AT,2013,9,171,,,,,,,,,,,,,,,,,,,,,,,,,1337
AT,2013,10,174,,,,,,,,,,,,,,,,,,,,,,,,,1337
AT,2013,11,172,,,,,,,,,,,,,,,,,,,,,,,,,1337
AT,2013,12,193,,,,,,,,,,,,,,,,,,,,,,,,,1337
AT,2014,1,141,,,,,,,,,,,,,,,,,,,,,,,,,1159
AT,2014,2,105,,,,,,,,,,,,,,,,,,,,,,,,,1159
AT,2014,3,166,,,,,,,,,,,,,,,,,,,,,,,,,1159
AT,2014,4,175,,,,,,,,,,,,,,,,,,,,,,,,,1159
AT,2014,5,139,,,,,,,,,,,,,,,,,,,,,,,,,1159
AT,2014,6,141,,,,,,,,,,,,,,,,,,,,,,,,,1159
AT,2014,7,118,,,,,,,,,,,,,,,,,,,,,,,,,1159
AT,2014,8,125,,,,,,,,,,,,,,,,,,,,,,,,,1159
AT,2014,9,109,,,,,,,,,,,,,,,,,,,,,,,,,1159
AT,2014,10,128,,,,,,,,,,,,,,,,,,,,,,,,,1159
AT,2014,11,152,,,,,,,,,,,,,,,,,,,,,,,,,1159
AT,2014,12,87,,,,,,,,,,,,,,,,,,,,,,,,,1159
AT,2015,1,119,,,,,,,,,,,,,,,,,,,,,,,,,
AT,2015,2,154,,,,,,,,,,,,,,,,,,,,,,,,,
AT,2015,3,118,,,,,,,,,,,,,,,,,,,,,,,,,
AT,2015,4,83,,,,,,,,,,,,,,,,,,,,,,,,,
AT,2015,5,113,,,,,,,,,,,,,,,,,,,,,,,,,
AT,2015,6,86,,,,,,,,,,,,,,,,,,,,,,,,,
AT,2015,7,75,,,,,,,,,,,,,,,,,,,,,,,,,
AT,2015,8,102,,,,,,,,,,,,,,,,,,,,,,,,,
AT,2015,9,85,,,,,,,,,,,,,,,,,,,,,,,,,
AT,2015,10,80,,,,,,,,,,,,,,,,,,,,,,,,,
AT,2015,11,108,,,,,,,,,,,,,,,,,,,,,,,,,
AT,2015,12,80,,,,,,,,,,,,,,,,,,,,,,,,,
AT,2016,1,102,,,,,,,,,,,,,,,,,,,,,,,,,
AT,2016,2,20,,,,,,,,,,,,,,,,,,,,,,,,,
AT,2003,1,,,,,,,,,,,,,,,,,,,,,,,,,,108
AT,2003,2,,,,,,,,,,,,,,,,,,,,,,,,,,108
AT,2003,3,,,,,,,,,,,,,,,,,,,,,,,,,,108
AT,2003,4,,,,,,,,,,,,,,,,,,,,,,,,,,108
AT,2003,5,,,,,,,,,,,,,,,,,,,,,,,,,,108
AT,2003,6,,,,,,,,,,,,,,,,,,,,,,,,,,108
AT,2003,7,,,,,,,,,,,,,,,,,,,,,,,,,,108
AT,2003,8,,,,,,,,,,,,,,,,,,,,,,,,,,108
AT,2003,9,,,,,,,,,,,,,,,,,,,,,,,,,,108
AT,2003,10,,,,,,,,,,,,,,,,,,,,,,,,,,108
AT,2003,11,,,,,,,,,,,,,,,,,,,,,,,,,,108
AT,2003,12,,,,,,,,,,,,,,,,,,,,,,,,,,108
CH,2004,1,0,,,,,46,23,,,,,,,,,7,,16,,,,,,,,
CH,2004,2,0,,,,,46,23,,,,,,,,,7,,16,,,,,,,,
CH,2004,3,0,,,,,46,23,,,,,,,,,7,,16,,,,,,,,
CH,2004,4,0,,,,,46,23,,,,,,,,,7,,16,,,,,,,,
CH,2004,5,0,,,,,46,23,,,,,,,,,7,,16,,,,,,,,
CH,2004,6,0,,,,,46,23,,,,,,,,,7,,16,,,,,,,,
CH,2004,7,0,,,,,46,23,,,,,,,,,7,,16,,,,,,,,
CH,2004,8,0,,,,,46,23,,,,,,,,,7,,16,,,,,,,,
CH,2004,9,0,,,,,46,23,,,,,,,,,7,,16,,,,,,,,
CH,2004,10,0,,,,,46,23,,,,,,,,,7,,16,,,,,,,,
CH,2004,11,0,,,,,46,23,,,,,,,,,7,,16,,,,,,,,
CH,2004,12,0,,,,,46,23,,,,,,,,,7,,16,,,,,,,,
CH,2005,1,0,,,,,52,41,,,,,,,,,9,,32,,,,,,,,
CH,2005,2,0,,,,,52,41,,,,,,,,,9,,32,,,,,,,,
CH,2005,3,0,,,,,52,41,,,,,,,,,9,,32,,,,,,,,
CH,2005,4,0,,,,,52,41,,,,,,,,,9,,32,,,,,,,,
CH,2005,5,0,,,,,52,41,,,,,,,,,9,,32,,,,,,,,
CH,2005,6,0,,,,,52,41,,,,,,,,,9,,32,,,,,,,,
CH,2005,7,0,,,,,52,41,,,,,,,,,9,,32,,,,,,,,
CH,2005,8,0,,,,,52,41,,,,,,,,,9,,32,,,,,,,,
CH,2005,9,0,,,,,52,41,,,,,,,,,9,,32,,,,,,,,
CH,2005,10,0,,,,,52,41,,,,,,,,,9,,32,,,,,,,,
CH,2005,11,0,,,,,52,41,,,,,,,,,9,,32,,,,,,,,
CH,2005,12,0,,,,,52,41,,,,,,,,,9,,32,,,,,,,,
CH,2006,1,0,,,,,52,59,,,,,,,,,16,,43,,,,,,,,
CH,2006,2,0,,,,,52,59,,,,,,,,,16,,43,,,,,,,,
CH,2006,3,0,,,,,52,59,,,,,,,,,16,,43,,,,,,,,
CH,2006,4,0,,,,,52,59,,,,,,,,,16,,43,,,,,,,,
CH,2006,5,0,,,,,52,59,,,,,,,,,16,,43,,,,,,,,
CH,2006,6,0,,,,,52,59,,,,,,,,,16,,43,,,,,,,,
CH,2006,7,0,,,,,52,59,,,,,,,,,16,,43,,,,,,,,
CH,2006,8,0,,,,,52,59,,,,,,,,,16,,43,,,,,,,,
CH,2006,9,0,,,,,52,59,,,,,,,,,16,,43,,,,,,,,
CH,2006,10,0,,,,,52,59,,,,,,,,,16,,43,,,,,,,,
CH,2006,11,100,,,,,52,59,,,,,,,,,16,,43,,,,,,,,
CH,2006,12,0,,,,,52,59,,,,,,,,,16,,43,,,,,,,,
CH,2007,1,0,,,,,77,94,,,,,,,,,28,,66,,,,,,,,
CH,2007,2,0,,,,,77,94,,,,,,,,,28,,66,,,,,,,,
CH,2007,3,0,,,,,77,94,,,,,,,,,28,,66,,,,,,,,
CH,2007,4,0,,,,,77,94,,,,,,,,,28,,66,,,,,,,,
CH,2007,5,0,,,,,77,94,,,,,,,,,28,,66,,,,,,,,
CH,2007,6,0,,,,,77,94,,,,,,,,,28,,66,,,,,,,,
CH,2007,7,0,,,,,77,94,,,,,,,,,28,,66,,,,,,,,
CH,2007,8,0,,,,,77,94,,,,,,,,,28,,66,,,,,,,,
CH,2007,9,0,,,,,77,94,,,,,,,,,28,,66,,,,,,,,
CH,2007,10,0,,,,,77,94,,,,,,,,,28,,66,,,,,,,,
CH,2007,11,0,,,,,77,94,,,,,,,,,28,,66,,,,,,,,
CH,2007,12,0,,,,,77,94,,,,,,,,,28,,66,,,,,,,,
CH,2008,1,0,,,,,50,136,,,,,,,,,43,,93,,,,,,,,
CH,2008,2,0,,,,,50,136,,,,,,,,,43,,93,,,,,,,,
CH,2008,3,0,,,,,50,136,,,,,,,,,43,,93,,,,,,,,
CH,2008,4,0,,,,,50,136,,,,,,,,,43,,93,,,,,,,,
CH,2008,5,0,,,,,50,136,,,,,,,,,43,,93,,,,,,,,
CH,2008,6,0,,,,,50,136,,,,,,,,,43,,93,,,,,,,,
CH,2008,7,0,,,,,50,136,,,,,,,,,43,,93,,,,,,,,
CH,2008,8,78,,,,,50,136,,,,,,,,,43,,93,,,,,,,,
CH,2008,9,0,,,,,50,136,,,,,,,,,43,,93,,,,,,,,
CH,2008,10,0,,,,,50,136,,,,,,,,,43,,93,,,,,,,,
CH,2008,11,0,,,,,50,136,,,,,,,,,43,,93,,,,,,,,
CH,2008,12,0,,,,,50,136,,,,,,,,,43,,93,,,,,,,,
CH,2009,1,0,,,,,78,165,0,0,0,0,14,13,1,1,45,41,84,76,28,29,0,0,8,7,
CH,2009,2,0,,,,,78,165,0,0,0,0,14,13,1,1,45,41,84,76,28,29,0,0,8,7,
CH,2009,3,0,,,,,78,165,0,0,0,0,14,13,1,1,45,41,84,76,28,29,0,0,8,7,
CH,2009,4,0,,,,,78,165,0,0,0,0,14,13,1,1,45,41,84,76,28,29,0,0,8,7,
CH,2009,5,0,,,,,78,165,0,0,0,0,14,13,1,1,45,41,84,76,28,29,0,0,8,7,
CH,2009,6,0,,,,,78,165,0,0,0,0,14,13,1,1,45,41,84,76,28,29,0,0,8,7,
CH,2009,7,0,,,,,78,165,0,0,0,0,14,13,1,1,45,41,84,76,28,29,0,0,8,7,
CH,2009,8,72,,,,,78,165,0,0,0,0,14,13,1,1,45,41,84,76,28,29,0,0,8,7,
CH,2009,9,0,,,,,78,165,0,0,0,0,14,13,1,1,45,41,84,76,28,29,0,0,8,7,
CH,2009,10,0,,,,,78,165,0,0,0,0,14,13,1,1,45,41,84,76,28,29,0,0,8,7,
CH,2009,11,0,,,,,78,165,0,0,0,0,14,13,1,1,45,41,84,76,28,29,0,0,8,7,
CH,2009,12,0,,,,,78,165,0,0,0,0,14,13,1,1,45,41,84,76,28,29,0,0,8,7,
CH,2010,1,0,,,,,74,164,2,2,5,5,25,25,10,10,44,41,65,60,37,34,2,2,16,16,
CH,2010,2,0,,,,,74,164,2,2,5,5,25,25,10,10,44,41,65,60,37,34,2,2,16,16,
CH,2010,3,0,,,,,74,164,2,2,5,5,25,25,10,10,44,41,65,60,37,34,2,2,16,16,
CH,2010,4,0,,,,,74,164,2,2,5,5,25,25,10,10,44,41,65,60,37,34,2,2,16,16,
CH,2010,5,0,,,,,74,164,2,2,5,5,25,25,10,10,44,41,65,60,37,34,2,2,16,16,
CH,2010,6,0,,,,,74,164,2,2,5,5,25,25,10,10,44,41,65,60,37,34,2,2,16,16,
CH,2010,7,0,,,,,74,164,2,2,5,5,25,25,10,10,44,41,65,60,37,34,2,2,16,16,
CH,2010,8,0,,,,,74,164,2,2,5,5,25,25,10,10,44,41,65,60,37,34,2,2,16,16,
CH,2010,9,0,,,,,74,164,2,2,5,5,25,25,10,10,44,41,65,60,37,34,2,2,16,16,
CH,2010,10,0,,,,,74,164,2,2,5,5,25,25,10,10,44,41,65,60,37,34,2,2,16,16,
CH,2010,11,44,,,,,74,164,2,2,5,5,25,25,10,10,44,41,65,60,37,34,2,2,16,16,
CH,2010,12,0,,,,,74,164,2,2,5,5,25,25,10,10,44,41,65,60,37,34,2,2,16,16,
CH,2011,1,0,,,,,92,136,0,0,3,3,6,6,3,2,19,19,50,49,56,54,1,1,10,9,
CH,2011,2,0,,,,,92,136,0,0,3,3,6,6,3,2,19,19,50,49,56,54,1,1,10,9,
CH,2011,3,34,,,,,92,136,0,0,3,3,6,6,3,2,19,19,50,49,56,54,1,1,10,9,
CH,2011,4,0,,,,,92,136,0,0,3,3,6,6,3,2,19,19,50,49,56,54,1,1,10,9,
CH,2011,5,0,,,,,92,136,0,0,3,3,6,6,3,2,19,19,50,49,56,54,1,1,10,9,
CH,2011,6,0,,,,,92,136,0,0,3,3,6,6,3,2,19,19,50,49,56,54,1,1,10,9,
CH,2011,7,0,,,,,92,136,0,0,3,3,6,6,3,2,19,19,50,49,56,54,1,1,10,9,
CH,2011,8,0,,,,,92,136,0,0,3,3,6,6,3,2,19,19,50,49,56,54,1,1,10,9,
CH,2011,9,98,,,,,92,136,0,0,3,3,6,6,3,2,19,19,50,49,56,54,1,1,10,9,
CH,2011,10,0,,,,,92,136,0,0,3,3,6,6,3,2,19,19,50,49,56,54,1,1,10,9,
CH,2011,11,112,,,,,92,136,0,0,3,3,6,6,3,2,19,19,50,49,56,54,1,1,10,9,
CH,2011,12,0,,,,,92,136,0,0,3,3,6,6,3,2,19,19,50,49,56,54,1,1,10,9,
CH,2012,1,26,,,,,101,216,0,0,5,4,8,8,1,1,26,25,93,85,85,80,1,1,11,10,
CH,2012,2,0,,,,,101,216,0,0,5,4,8,8,1,1,26,25,93,85,85,80,1,1,11,10,
CH,2012,3,27,,,,,101,216,0,0,5,4,8,8,1,1,26,25,93,85,85,80,1,1,11,10,
CH,2012,4,0,,,,,101,216,0,0,5,4,8,8,1,1,26,25,93,85,85,80,1,1,11,10,
CH,2012,5,31,,,,,101,216,0,0,5,4,8,8,1,1,26,25,93,85,85,80,1,1,11,10,
CH,2012,6,31,,,,,101,216,0,0,5,4,8,8,1,1,26,25,93,85,85,80,1,1,11,10,
CH,2012,7,153,,,,,101,216,0,0,5,4,8,8,1,1,26,25,93,85,85,80,1,1,11,10,
CH,2012,8,110,,,,,101,216,0,0,5,4,8,8,1,1,26,25,93,85,85,80,1,1,11,10,
CH,2012,9,98,,,,,101,216,0,0,5,4,8,8,1,1,26,25,93,85,85,80,1,1,11,10,
CH,2012,10,0,,,,,101,216,0,0,5,4,8,8,1,1,26,25,93,85,85,80,1,1,11,10,
CH,2012,11,76,,,,,101,216,0,0,5,4,8,8,1,1,26,25,93,85,85,80,1,1,11,10,
CH,2012,12,161,,,,,101,216,0,0,5,4,8,8,1,1,26,25,93,85,85,80,1,1,11,10,
CH,2013,1,104,,,,,133,184,0,0,2,2,11,8,4,3,42,39,59,57,70,65,0,0,13,11,
CH,2013,2,112,,,,,133,184,0,0,2,2,11,8,4,3,42,39,59,57,70,65,0,0,13,11,
CH,2013,3,148,,,,,133,184,0,0,2,2,11,8,4,3,42,39,59,57,70,65,0,0,13,11,
CH,2013,4,99,,,,,133,184,0,0,2,2,11,8,4,3,42,39,59,57,70,65,0,0,13,11,
CH,2013,5,108,,,,,133,184,0,0,2,2,11,8,4,3,42,39,59,57,70,65,0,0,13,11,
CH,2013,6,130,,,,,133,184,0,0,2,2,11,8,4,3,42,39,59,57,70,65,0,0,13,11,
CH,2013,7,114,,,,,133,184,0,0,2,2,11,8,4,3,42,39,59,57,70,65,0,0,13,11,
CH,2013,8,114,,,,,133,184,0,0,2,2,11,8,4,3,42,39,59,57,70,65,0,0,13,11,
CH,2013,9,175,,,,,133,184,0,0,2,2,11,8,4,3,42,39,59,57,70,65,0,0,13,11,
CH,2013,10,174,,,,,133,184,0,0,2,2,11,8,4,3,42,39,59,57,70,65,0,0,13,11,
CH,2013,11,161,,,,,133,184,0,0,2,2,11,8,4,3,42,39,59,57,70,65,0,0,13,11,
CH,2013,12,195,,,,,133,184,0,0,2,2,11,8,4,3,42,39,59,57,70,65,0,0,13,11,
CH,2014,1,164,,,,,,330,0,0,7,7,30,29,2,2,84,74,125,109,105,94,1,1,15,15,
CH,2014,2,110,,,,,,330,0,0,7,7,30,29,2,2,84,74,125,109,105,94,1,1,15,15,
CH,2014,3,163,,,,,,330,0,0,7,7,30,29,2,2,84,74,125,109,105,94,1,1,15,15,
CH,2014,4,123,,,,,,330,0,0,7,7,30,29,2,2,84,74,125,109,105,94,1,1,15,15,
CH,2014,5,107,,,,,,330,0,0,7,7,30,29,2,2,84,74,125,109,105,94,1,1,15,15,
CH,2014,6,166,,,,,,330,0,0,7,7,30,29,2,2,84,74,125,109,105,94,1,1,15,15,
CH,2014,7,160,,,,,,330,0,0,7,7,30,29,2,2,84,74,125,109,105,94,1,1,15,15,
CH,2014,8,156,,,,,,330,0,0,7,7,30,29,2,2,84,74,125,109,105,94,1,1,15,15,
CH,2014,9,121,,,,,,330,0,0,7,7,30,29,2,2,84,74,125,109,105,94,1,1,15,15,
CH,2014,10,107,,,,,,330,0,0,7,7,30,29,2,2,84,74,125,109,105,94,1,1,15,15,
CH,2014,11,139,,,,,,330,0,0,7,7,30,29,2,2,84,74,125,109,105,94,1,1,15,15,
CH,2014,12,116,,,,,,330,0,0,7,7,30,29,2,2,84,74,125,109,105,94,1,1,15,15,
CH,2015,1,155,,,,,,,,,,,,,,,,,,,,,,,,,
CH,2015,2,116,,,,,,,,,,,,,,,,,,,,,,,,,
CH,2015,3,140,,,,,,,,,,,,,,,,,,,,,,,,,
CH,2015,4,100,,,,,,,,,,,,,,,,,,,,,,,,,
CH,2015,5,132,,,,,,,,,,,,,,,,,,,,,,,,,
CH,2015,6,109,,,,,,,,,,,,,,,,,,,,,,,,,
CH,2015,7,111,,,,,,,,,,,,,,,,,,,,,,,,,
CH,2015,8,158,,,,,,,,,,,,,,,,,,,,,,,,,
CH,2015,9,108,,,,,,,,,,,,,,,,,,,,,,,,,
CH,2015,10,121,,,,,,,,,,,,,,,,,,,,,,,,,
CH,2015,11,117,,,,,,,,,,,,,,,,,,,,,,,,,
CH,2015,12,105,,,,,,,,,,,,,,,,,,,,,,,,,
CH,2016,1,148,,,,,,,,,,,,,,,,,,,,,,,,,
CH,2016,2,30,,,,,,,,,,,,,,,,,,,,,,,,,
CH,1999,1,,,,,,46,0,,,,,,,,,0,,0,,,,,,,,
CH,2000,1,,,,,,56,0,,,,,,,,,0,,0,,,,,,,,
CH,2001,1,,,,,,52,0,,,,,,,,,0,,0,,,,,,,,
CH,2002,1,,,,,,42,0,,,,,,,,,0,,0,,,,,,,,
CH,2003,1,,,,,,47,3,,,,,,,,,0,,3,,,,,,,,
CH,1998,1,,,,,,27,0,,,,,,,,,0,,0,,,,,,,,
CH,2002,2,,,,,,42,0,,,,,,,,,0,,0,,,,,,,,
CH,2001,2,,,,,,52,0,,,,,,,,,0,,0,,,,,,,,
CH,1998,2,,,,,,27,0,,,,,,,,,0,,0,,,,,,,,
CH,2003,2,,,,,,47,3,,,,,,,,,0,,3,,,,,,,,
CH,2000,2,,,,,,56,0,,,,,,,,,0,,0,,,,,,,,
CH,1999,2,,,,,,46,0,,,,,,,,,0,,0,,,,,,,,
CH,1999,3,,,,,,46,0,,,,,,,,,0,,0,,,,,,,,
CH,2003,3,,,,,,47,3,,,,,,,,,0,,3,,,,,,,,
CH,2000,3,,,,,,56,0,,,,,,,,,0,,0,,,,,,,,
CH,2002,3,,,,,,42,0,,,,,,,,,0,,0,,,,,,,,
CH,2001,3,,,,,,52,0,,,,,,,,,0,,0,,,,,,,,
CH,1998,3,,,,,,27,0,,,,,,,,,0,,0,,,,,,,,
CH,2003,4,,,,,,47,3,,,,,,,,,0,,3,,,,,,,,
CH,1998,4,,,,,,27,0,,,,,,,,,0,,0,,,,,,,,
CH,2001,4,,,,,,52,0,,,,,,,,,0,,0,,,,,,,,
CH,2000,4,,,,,,56,0,,,,,,,,,0,,0,,,,,,,,
CH,2002,4,,,,,,42,0,,,,,,,,,0,,0,,,,,,,,
CH,1999,4,,,,,,46,0,,,,,,,,,0,,0,,,,,,,,
CH,2003,5,,,,,,47,3,,,,,,,,,0,,3,,,,,,,,
CH,1998,5,,,,,,27,0,,,,,,,,,0,,0,,,,,,,,
CH,2002,5,,,,,,42,0,,,,,,,,,0,,0,,,,,,,,
CH,2000,5,,,,,,56,0,,,,,,,,,0,,0,,,,,,,,
CH,2001,5,,,,,,52,0,,,,,,,,,0,,0,,,,,,,,
CH,1999,5,,,,,,46,0,,,,,,,,,0,,0,,,,,,,,
CH,1998,6,,,,,,27,0,,,,,,,,,0,,0,,,,,,,,
CH,2000,6,,,,,,56,0,,,,,,,,,0,,0,,,,,,,,
CH,2001,6,,,,,,52,0,,,,,,,,,0,,0,,,,,,,,
CH,2002,6,,,,,,42,0,,,,,,,,,0,,0,,,,,,,,
CH,1999,6,,,,,,46,0,,,,,,,,,0,,0,,,,,,,,
CH,2003,6,,,,,,47,3,,,,,,,,,0,,3,,,,,,,,
CH,1998,7,,,,,,27,0,,,,,,,,,0,,0,,,,,,,,
CH,2003,7,,,,,,47,3,,,,,,,,,0,,3,,,,,,,,
CH,2000,7,,,,,,56,0,,,,,,,,,0,,0,,,,,,,,
CH,1999,7,,,,,,46,0,,,,,,,,,0,,0,,,,,,,,
CH,2001,7,,,,,,52,0,,,,,,,,,0,,0,,,,,,,,
CH,2002,7,,,,,,42,0,,,,,,,,,0,,0,,,,,,,,
CH,1999,8,,,,,,46,0,,,,,,,,,0,,0,,,,,,,,
CH,2001,8,,,,,,52,0,,,,,,,,,0,,0,,,,,,,,
CH,2000,8,,,,,,56,0,,,,,,,,,0,,0,,,,,,,,
CH,2003,8,,,,,,47,3,,,,,,,,,0,,3,,,,,,,,
CH,2002,8,,,,,,42,0,,,,,,,,,0,,0,,,,,,,,
CH,1998,8,,,,,,27,0,,,,,,,,,0,,0,,,,,,,,
CH,2002,9,,,,,,42,0,,,,,,,,,0,,0,,,,,,,,
CH,1999,9,,,,,,46,0,,,,,,,,,0,,0,,,,,,,,
CH,1998,9,,,,,,27,0,,,,,,,,,0,,0,,,,,,,,
CH,2000,9,,,,,,56,0,,,,,,,,,0,,0,,,,,,,,
CH,2001,9,,,,,,52,0,,,,,,,,,0,,0,,,,,,,,
CH,2003,9,,,,,,47,3,,,,,,,,,0,,3,,,,,,,,
CH,2000,10,,,,,,56,0,,,,,,,,,0,,0,,,,,,,,
CH,2001,10,,,,,,52,0,,,,,,,,,0,,0,,,,,,,,
CH,1998,10,,,,,,27,0,,,,,,,,,0,,0,,,,,,,,
CH,2002,10,,,,,,42,0,,,,,,,,,0,,0,,,,,,,,
CH,2003,10,,,,,,47,3,,,,,,,,,0,,3,,,,,,,,
CH,1999,10,,,,,,46,0,,,,,,,,,0,,0,,,,,,,,
CH,2003,11,,,,,,47,3,,,,,,,,,0,,3,,,,,,,,
CH,2000,11,,,,,,56,0,,,,,,,,,0,,0,,,,,,,,
CH,1998,11,,,,,,27,0,,,,,,,,,0,,0,,,,,,,,
CH,2002,11,,,,,,42,0,,,,,,,,,0,,0,,,,,,,,
CH,2001,11,,,,,,52,0,,,,,,,,,0,,0,,,,,,,,
CH,1999,11,,,,,,46,0,,,,,,,,,0,,0,,,,,,,,
CH,1999,12,,,,,,46,0,,,,,,,,,0,,0,,,,,,,,
CH,2003,12,,,,,,47,3,,,,,,,,,0,,3,,,,,,,,
CH,1998,12,,,,,,27,0,,,,,,,,,0,,0,,,,,,,,
CH,2000,12,,,,,,56,0,,,,,,,,,0,,0,,,,,,,,
CH,2001,12,,,,,,52,0,,,,,,,,,0,,0,,,,,,,,
CH,2002,12,,,,,,42,0,,,,,,,,,0,,0,,,,,,,,
CZ,2004,1,0,,,,,,,,,,,,,,,,,,,,,,,,,
CZ,2004,2,0,,,,,,,,,,,,,,,,,,,,,,,,,
CZ,2004,3,0,,,,,,,,,,,,,,,,,,,,,,,,,
CZ,2004,4,0,,,,,,,,,,,,,,,,,,,,,,,,,
CZ,2004,5,0,,,,,,,,,,,,,,,,,,,,,,,,,
CZ,2004,6,0,,,,,,,,,,,,,,,,,,,,,,,,,
CZ,2004,7,0,,,,,,,,,,,,,,,,,,,,,,,,,
CZ,2004,8,0,,,,,,,,,,,,,,,,,,,,,,,,,
CZ,2004,9,0,,,,,,,,,,,,,,,,,,,,,,,,,
CZ,2004,10,0,,,,,,,,,,,,,,,,,,,,,,,,,
CZ,2004,11,0,,,,,,,,,,,,,,,,,,,,,,,,,
CZ,2004,12,0,,,,,,,,,,,,,,,,,,,,,,,,,
CZ,2005,1,0,,,,,,,,,,,,,,,,,,,,,,,,,
CZ,2005,2,0,,,,,,,,,,,,,,,,,,,,,,,,,
CZ,2005,3,0,,,,,,,,,,,,,,,,,,,,,,,,,
CZ,2005,4,0,,,,,,,,,,,,,,,,,,,,,,,,,
CZ,2005,5,0,,,,,,,,,,,,,,,,,,,,,,,,,
CZ,2005,6,0,,,,,,,,,,,,,,,,,,,,,,,,,
CZ,2005,7,0,,,,,,,,,,,,,,,,,,,,,,,,,
CZ,2005,8,0,,,,,,,,,,,,,,,,,,,,,,,,,
CZ,2005,9,0,,,,,,,,,,,,,,,,,,,,,,,,,
CZ,2005,10,0,,,,,,,,,,,,,,,,,,,,,,,,,
CZ,2005,11,0,,,,,,,,,,,,,,,,,,,,,,,,,
CZ,2005,12,0,,,,,,,,,,,,,,,,,,,,,,,,,
CZ,2006,1,0,,,,,,,,,,,,,,,,,,,,,,,,,
CZ,2006,2,0,,,,,,,,,,,,,,,,,,,,,,,,,
CZ,2006,3,0,,,,,,,,,,,,,,,,,,,,,,,,,
CZ,2006,4,0,,,,,,,,,,,,,,,,,,,,,,,,,
CZ,2006,5,0,,,,,,,,,,,,,,,,,,,,,,,,,
CZ,2006,6,0,,,,,,,,,,,,,,,,,,,,,,,,,
CZ,2006,7,0,,,,,,,,,,,,,,,,,,,,,,,,,
CZ,2006,8,0,,,,,,,,,,,,,,,,,,,,,,,,,
CZ,2006,9,0,,,,,,,,,,,,,,,,,,,,,,,,,
CZ,2006,10,0,,,,,,,,,,,,,,,,,,,,,,,,,
CZ,2006,11,0,,,,,,,,,,,,,,,,,,,,,,,,,
CZ,2006,12,0,,,,,,,,,,,,,,,,,,,,,,,,,
CZ,2007,1,0,,,,,,,,,,,,,,,,,,,,,,,,,
CZ,2007,2,0,,,,,,,,,,,,,,,,,,,,,,,,,
CZ,2007,3,0,,,,,,,,,,,,,,,,,,,,,,,,,
CZ,2007,4,0,,,,,,,,,,,,,,,,,,,,,,,,,
CZ,2007,5,0,,,,,,,,,,,,,,,,,,,,,,,,,
CZ,2007,6,0,,,,,,,,,,,,,,,,,,,,,,,,,
CZ,2007,7,0,,,,,,,,,,,,,,,,,,,,,,,,,
CZ,2007,8,0,,,,,,,,,,,,,,,,,,,,,,,,,
CZ,2007,9,0,,,,,,,,,,,,,,,,,,,,,,,,,
CZ,2007,10,0,,,,,,,,,,,,,,,,,,,,,,,,,
CZ,2007,11,0,,,,,,,,,,,,,,,,,,,,,,,,,
CZ,2007,12,0,,,,,,,,,,,,,,,,,,,,,,,,,
CZ,2008,1,0,,,,,,,,,,,,,,,,,,,,,,,,,
CZ,2008,2,0,,,,,,,,,,,,,,,,,,,,,,,,,
CZ,2008,3,0,,,,,,,,,,,,,,,,,,,,,,,,,
CZ,2008,4,0,,,,,,,,,,,,,,,,,,,,,,,,,
CZ,2008,5,0,,,,,,,,,,,,,,,,,,,,,,,,,
CZ,2008,6,0,,,,,,,,,,,,,,,,,,,,,,,,,
CZ,2008,7,0,,,,,,,,,,,,,,,,,,,,,,,,,
CZ,2008,8,0,,,,,,,,,,,,,,,,,,,,,,,,,
CZ,2008,9,0,,,,,,,,,,,,,,,,,,,,,,,,,
CZ,2008,10,0,,,,,,,,,,,,,,,,,,,,,,,,,
CZ,2008,11,0,,,,,,,,,,,,,,,,,,,,,,,,,
CZ,2008,12,0,,,,,,,,,,,,,,,,,,,,,,,,,
CZ,2009,1,0,,,,,,,,,,,,,,,,,,,,,,,,,
CZ,2009,2,0,,,,,,,,,,,,,,,,,,,,,,,,,
CZ,2009,3,0,,,,,,,,,,,,,,,,,,,,,,,,,
CZ,2009,4,0,,,,,,,,,,,,,,,,,,,,,,,,,
CZ,2009,5,0,,,,,,,,,,,,,,,,,,,,,,,,,
CZ,2009,6,0,,,,,,,,,,,,,,,,,,,,,,,,,
CZ,2009,7,0,,,,,,,,,,,,,,,,,,,,,,,,,
CZ,2009,8,0,,,,,,,,,,,,,,,,,,,,,,,,,
CZ,2009,9,0,,,,,,,,,,,,,,,,,,,,,,,,,
CZ,2009,10,0,,,,,,,,,,,,,,,,,,,,,,,,,
CZ,2009,11,0,,,,,,,,,,,,,,,,,,,,,,,,,
CZ,2009,12,0,,,,,,,,,,,,,,,,,,,,,,,,,
CZ,2010,1,0,,,,,,,,,,,,,,,,,,,,,,,,,
CZ,2010,2,0,,,,,,,,,,,,,,,,,,,,,,,,,
CZ,2010,3,0,,,,,,,,,,,,,,,,,,,,,,,,,
CZ,2010,4,0,,,,,,,,,,,,,,,,,,,,,,,,,
CZ,2010,5,0,,,,,,,,,,,,,,,,,,,,,,,,,
CZ,2010,6,0,,,,,,,,,,,,,,,,,,,,,,,,,
CZ,2010,7,0,,,,,,,,,,,,,,,,,,,,,,,,,
CZ,2010,8,0,,,,,,,,,,,,,,,,,,,,,,,,,
CZ,2010,9,0,,,,,,,,,,,,,,,,,,,,,,,,,
CZ,2010,10,0,,,,,,,,,,,,,,,,,,,,,,,,,
CZ,2010,11,81,,,,,,,,,,,,,,,,,,,,,,,,,
CZ,2010,12,53,,,,,,,,,,,,,,,,,,,,,,,,,
CZ,2011,1,53,,,,,,,,,,,,,,,,,,,,,,,,,
CZ,2011,2,53,,,,,,,,,,,,,,,,,,,,,,,,,
CZ,2011,3,53,,,,,,,,,,,,,,,,,,,,,,,,,
CZ,2011,4,58,,,,,,,,,,,,,,,,,,,,,,,,,
CZ,2011,5,63,,,,,,,,,,,,,,,,,,,,,,,,,
CZ,2011,6,67,,,,,,,,,,,,,,,,,,,,,,,,,
CZ,2011,7,72,,,,,,,,,,,,,,,,,,,,,,,,,
CZ,2011,8,47,,,,,,,,,,,,,,,,,,,,,,,,,
CZ,2011,9,47,,,,,,,,,,,,,,,,,,,,,,,,,
CZ,2011,10,47,,,,,,,,,,,,,,,,,,,,,,,,,
CZ,2011,11,47,,,,,,,,,,,,,,,,,,,,,,,,,
CZ,2011,12,44,,,,,,,,,,,,,,,,,,,,,,,,,
CZ,2012,1,44,,,,,,,,,,,,,,,,,,,,,,,,,
CZ,2012,2,46,,,,,,,,,,,,,,,,,,,,,,,,,
CZ,2012,3,48,,,,,,,,,,,,,,,,,,,,,,,,,
CZ,2012,4,50,,,,,,,,,,,,,,,,,,,,,,,,,
CZ,2012,5,52,,,,,,,,,,,,,,,,,,,,,,,,,
CZ,2012,6,41,,,,,,,,,,,,,,,,,,,,,,,,,
CZ,2012,7,45,,,,,,,,,,,,,,,,,,,,,,,,,
CZ,2012,8,48,,,,,,,,,,,,,,,,,,,,,,,,,
CZ,2012,9,51,,,,,,,,,,,,,,,,,,,,,,,,,
CZ,2012,10,37,,,,,,,,,,,,,,,,,,,,,,,,,
CZ,2012,11,38,,,,,,,,,,,,,,,,,,,,,,,,,
CZ,2012,12,56,,,,,,,,,,,,,,,,,,,,,,,,,
CZ,2013,1,43,,,,,,,,,,,,,,,,,,,,,,,,,
CZ,2013,2,41,,,,,,,,,,,,,,,,,,,,,,,,,
CZ,2013,3,43,,,,,,,,,,,,,,,,,,,,,,,,,
CZ,2013,4,39,,,,,,,,,,,,,,,,,,,,,,,,,
CZ,2013,5,43,,,,,,,,,,,,,,,,,,,,,,,,,
CZ,2013,6,46,,,,,,,,,,,,,,,,,,,,,,,,,
CZ,2013,7,53,,,,,,,,,,,,,,,,,,,,,,,,,
CZ,2013,8,46,,,,,,,,,,,,,,,,,,,,,,,,,
CZ,2013,9,75,,,,,,,,,,,,,,,,,,,,,,,,,
CZ,2013,10,82,,,,,,,,,,,,,,,,,,,,,,,,,
CZ,2013,11,100,,,,,,,,,,,,,,,,,,,,,,,,,
CZ,2013,12,56,,,,,,,,,,,,,,,,,,,,,,,,,
CZ,2014,1,57,,,,,,,,,,,,,,,,,,,,,,,,,
CZ,2014,2,52,,,,,,,,,,,,,,,,,,,,,,,,,
CZ,2014,3,53,,,,,,,,,,,,,,,,,,,,,,,,,
CZ,2014,4,47,,,,,,,,,,,,,,,,,,,,,,,,,
CZ,2014,5,35,,,,,,,,,,,,,,,,,,,,,,,,,
CZ,2014,6,43,,,,,,,,,,,,,,,,,,,,,,,,,
CZ,2014,7,52,,,,,,,,,,,,,,,,,,,,,,,,,
CZ,2014,8,51,,,,,,,,,,,,,,,,,,,,,,,,,
CZ,2014,9,44,,,,,,,,,,,,,,,,,,,,,,,,,
CZ,2014,10,57,,,,,,,,,,,,,,,,,,,,,,,,,
CZ,2014,11,34,,,,,,,,,,,,,,,,,,,,,,,,,
CZ,2014,12,33,,,,,,,,,,,,,,,,,,,,,,,,,
CZ,2015,1,39,,,,,,,,,,,,,,,,,,,,,,,,,
CZ,2015,2,42,,,,,,,,,,,,,,,,,,,,,,,,,
CZ,2015,3,33,,,,,,,,,,,,,,,,,,,,,,,,,
CZ,2015,4,42,,,,,,,,,,,,,,,,,,,,,,,,,
CZ,2015,5,43,,,,,,,,,,,,,,,,,,,,,,,,,
CZ,2015,6,42,,,,,,,,,,,,,,,,,,,,,,,,,
CZ,2015,7,55,,,,,,,,,,,,,,,,,,,,,,,,,
CZ,2015,8,72,,,,,,,,,,,,,,,,,,,,,,,,,
CZ,2015,9,53,,,,,,,,,,,,,,,,,,,,,,,,,
CZ,2015,10,51,,,,,,,,,,,,,,,,,,,,,,,,,
CZ,2015,11,42,,,,,,,,,,,,,,,,,,,,,,,,,
CZ,2015,12,51,,,,,,,,,,,,,,,,,,,,,,,,,
CZ,2016,1,43,,,,,,,,,,,,,,,,,,,,,,,,,
CZ,2016,2,67,,,,,,,,,,,,,,,,,,,,,,,,,
DE,2004,1,0,,,,,,,,,,,,,,,,,,,,,,,,,
DE,2004,2,0,,,,,,,,,,,,,,,,,,,,,,,,,
DE,2004,3,0,,,,,,,,,,,,,,,,,,,,,,,,,
DE,2004,4,0,,,,,,,,,,,,,,,,,,,,,,,,,
DE,2004,5,0,,,,,,,,,,,,,,,,,,,,,,,,,
DE,2004,6,0,,,,,,,,,,,,,,,,,,,,,,,,,
DE,2004,7,0,,,,,,,,,,,,,,,,,,,,,,,,,
DE,2004,8,0,,,,,,,,,,,,,,,,,,,,,,,,,
DE,2004,9,0,,,,,,,,,,,,,,,,,,,,,,,,,
DE,2004,10,0,,,,,,,,,,,,,,,,,,,,,,,,,
DE,2004,11,0,,,,,,,,,,,,,,,,,,,,,,,,,
DE,2004,12,0,,,,,,,,,,,,,,,,,,,,,,,,,
DE,2005,1,0,,,,8,,,,,,,,,,,,,,,,,,,,,
DE,2005,2,20,,,,8,,,,,,,,,,,,,,,,,,,,,
DE,2005,3,0,,,,8,,,,,,,,,,,,,,,,,,,,,
DE,2005,4,0,,,,8,,,,,,,,,,,,,,,,,,,,,
DE,2005,5,0,,,,8,,,,,,,,,,,,,,,,,,,,,
DE,2005,6,0,,,,8,,,,,,,,,,,,,,,,,,,,,
DE,2005,7,0,,,,8,,,,,,,,,,,,,,,,,,,,,
DE,2005,8,63,,,,8,,,,,,,,,,,,,,,,,,,,,
DE,2005,9,88,,,,8,,,,,,,,,,,,,,,,,,,,,
DE,2005,10,0,,,,8,,,,,,,,,,,,,,,,,,,,,
DE,2005,11,0,,,,8,,,,,,,,,,,,,,,,,,,,,
DE,2005,12,0,,,,8,,,,,,,,,,,,,,,,,,,,,
DE,2006,1,0,681,416,10.7,7,,,,,,,,,,,,,,,,,,,,,
DE,2006,2,0,681,416,10.7,7,,,,,,,,,,,,,,,,,,,,,
DE,2006,3,17,681,416,10.7,7,,,,,,,,,,,,,,,,,,,,,
DE,2006,4,94,681,416,10.7,7,,,,,,,,,,,,,,,,,,,,,
DE,2006,5,57,681,416,10.7,7,,,,,,,,,,,,,,,,,,,,,
DE,2006,6,50,681,416,10.7,7,,,,,,,,,,,,,,,,,,,,,
DE,2006,7,24,681,416,10.7,7,,,,,,,,,,,,,,,,,,,,,
DE,2006,8,68,681,416,10.7,7,,,,,,,,,,,,,,,,,,,,,
DE,2006,9,50,681,416,10.7,7,,,,,,,,,,,,,,,,,,,,,
DE,2006,10,51,681,416,10.7,7,,,,,,,,,,,,,,,,,,,,,
DE,2006,11,55,681,416,10.7,7,,,,,,,,,,,,,,,,,,,,,
DE,2006,12,50,681,416,10.7,7,,,,,,,,,,,,,,,,,,,,,
DE,2007,1,35,567,454,10,10,,,,,,,,,,,,,,,,,,,,,
DE,2007,2,40,567,454,10,10,,,,,,,,,,,,,,,,,,,,,
DE,2007,3,47,567,454,10,10,,,,,,,,,,,,,,,,,,,,,
DE,2007,4,51,567,454,10,10,,,,,,,,,,,,,,,,,,,,,
DE,2007,5,38,567,454,10,10,,,,,,,,,,,,,,,,,,,,,
DE,2007,6,50,567,454,10,10,,,,,,,,,,,,,,,,,,,,,
DE,2007,7,52,567,454,10,10,,,,,,,,,,,,,,,,,,,,,
DE,2007,8,45,567,454,10,10,,,,,,,,,,,,,,,,,,,,,
DE,2007,9,46,567,454,10,10,,,,,,,,,,,,,,,,,,,,,
DE,2007,10,33,567,454,10,10,,,,,,,,,,,,,,,,,,,,,
DE,2007,11,35,567,454,10,10,,,,,,,,,,,,,,,,,,,,,
DE,2007,12,44,567,454,10,10,,,,,,,,,,,,,,,,,,,,,
DE,2008,1,40,443,356,4.1999998,25,,,,,,,,,,,,,,,,,,,,,
DE,2008,2,63,443,356,4.1999998,25,,,,,,,,,,,,,,,,,,,,,
DE,2008,3,44,443,356,4.1999998,25,,,,,,,,,,,,,,,,,,,,,
DE,2008,4,47,443,356,4.1999998,25,,,,,,,,,,,,,,,,,,,,,
DE,2008,5,36,443,356,4.1999998,25,,,,,,,,,,,,,,,,,,,,,
DE,2008,6,46,443,356,4.1999998,25,,,,,,,,,,,,,,,,,,,,,
DE,2008,7,38,443,356,4.1999998,25,,,,,,,,,,,,,,,,,,,,,
DE,2008,8,104,443,356,4.1999998,25,,,,,,,,,,,,,,,,,,,,,
DE,2008,9,49,443,356,4.1999998,25,,,,,,,,,,,,,,,,,,,,,
DE,2008,10,37,443,356,4.1999998,25,,,,,,,,,,,,,,,,,,,,,
DE,2008,11,48,443,356,4.1999998,25,,,,,,,,,,,,,,,,,,,,,
DE,2008,12,43,443,356,4.1999998,25,,,,,,,,,,,,,,,,,,,,,
DE,2009,1,41,364,446,7.1999998,24,,,,,,,,,,,,,,,,,,,,,
DE,2009,2,32,364,446,7.1999998,24,,,,,,,,,,,,,,,,,,,,,
DE,2009,3,48,364,446,7.1999998,24,,,,,,,,,,,,,,,,,,,,,
DE,2009,4,37,364,446,7.1999998,24,,,,,,,,,,,,,,,,,,,,,
DE,2009,5,44,364,446,7.1999998,24,,,,,,,,,,,,,,,,,,,,,
DE,2009,6,43,364,446,7.1999998,24,,,,,,,,,,,,,,,,,,,,,
DE,2009,7,35,364,446,7.1999998,24,,,,,,,,,,,,,,,,,,,,,
DE,2009,8,50,364,446,7.1999998,24,,,,,,,,,,,,,,,,,,,,,
DE,2009,9,33,364,446,7.1999998,24,,,,,,,,,,,,,,,,,,,,,
DE,2009,10,58,364,446,7.1999998,24,,,,,,,,,,,,,,,,,,,,,
DE,2009,11,55,364,446,7.1999998,24,,,,,,,,,,,,,,,,,,,,,
DE,2009,12,40,364,446,7.1999998,24,,,,,,,,,,,,,,,,,,,,,
DE,2010,1,45,642,799,26.799999,16,,,,,,,,,,,,,,,,,,,,,
DE,2010,2,32,642,799,26.799999,16,,,,,,,,,,,,,,,,,,,,,
DE,2010,3,38,642,799,26.799999,16,,,,,,,,,,,,,,,,,,,,,
DE,2010,4,38,642,799,26.799999,16,,,,,,,,,,,,,,,,,,,,,
DE,2010,5,53,642,799,26.799999,16,,,,,,,,,,,,,,,,,,,,,
DE,2010,6,39,642,799,26.799999,16,,,,,,,,,,,,,,,,,,,,,
DE,2010,7,41,642,799,26.799999,16,,,,,,,,,,,,,,,,,,,,,
DE,2010,8,56,642,799,26.799999,16,,,,,,,,,,,,,,,,,,,,,
DE,2010,9,43,642,799,26.799999,16,,,,,,,,,,,,,,,,,,,,,
DE,2010,10,70,642,799,26.799999,16,,,,,,,,,,,,,,,,,,,,,
DE,2010,11,88,642,799,26.799999,16,,,,,,,,,,,,,,,,,,,,,
DE,2010,12,53,642,799,26.799999,16,,,,,,,,,,,,,,,,,,,,,
DE,2011,1,78,1693,2112,40,19,,,,,,,,,,,,,,,,,,,,,
DE,2011,2,122,1693,2112,40,19,,,,,,,,,,,,,,,,,,,,,
DE,2011,3,88,1693,2112,40,19,,,,,,,,,,,,,,,,,,,,,
DE,2011,4,59,1693,2112,40,19,,,,,,,,,,,,,,,,,,,,,
DE,2011,5,78,1693,2112,40,19,,,,,,,,,,,,,,,,,,,,,
DE,2011,6,58,1693,2112,40,19,,,,,,,,,,,,,,,,,,,,,
DE,2011,7,85,1693,2112,40,19,,,,,,,,,,,,,,,,,,,,,
DE,2011,8,59,1693,2112,40,19,,,,,,,,,,,,,,,,,,,,,
DE,2011,9,56,1693,2112,40,19,,,,,,,,,,,,,,,,,,,,,
DE,2011,10,83,1693,2112,40,19,,,,,,,,,,,,,,,,,,,,,
DE,2011,11,71,1693,2112,40,19,,,,,,,,,,,,,,,,,,,,,
DE,2011,12,81,1693,2112,40,19,,,,,,,,,,,,,,,,,,,,,
DE,2012,1,99,2556,3512,75.199997,24,,,,,,,,,,,,,,,,,,,,,
DE,2012,2,76,2556,3512,75.199997,24,,,,,,,,,,,,,,,,,,,,,
DE,2012,3,71,2556,3512,75.199997,24,,,,,,,,,,,,,,,,,,,,,
DE,2012,4,79,2556,3512,75.199997,24,,,,,,,,,,,,,,,,,,,,,
DE,2012,5,91,2556,3512,75.199997,24,,,,,,,,,,,,,,,,,,,,,
DE,2012,6,76,2556,3512,75.199997,24,,,,,,,,,,,,,,,,,,,,,
DE,2012,7,88,2556,3512,75.199997,24,,,,,,,,,,,,,,,,,,,,,
DE,2012,8,87,2556,3512,75.199997,24,,,,,,,,,,,,,,,,,,,,,
DE,2012,9,130,2556,3512,75.199997,24,,,,,,,,,,,,,,,,,,,,,
DE,2012,10,84,2556,3512,75.199997,24,,,,,,,,,,,,,,,,,,,,,
DE,2012,11,99,2556,3512,75.199997,24,,,,,,,,,,,,,,,,,,,,,
DE,2012,12,148,2556,3512,75.199997,24,,,,,,,,,,,,,,,,,,,,,
DE,2013,1,123,2746,3847,77.300003,20,,,,,,,,,,,,,,,,,,,,,
DE,2013,2,116,2746,3847,77.300003,20,,,,,,,,,,,,,,,,,,,,,
DE,2013,3,142,2746,3847,77.300003,20,,,,,,,,,,,,,,,,,,,,,
DE,2013,4,117,2746,3847,77.300003,20,,,,,,,,,,,,,,,,,,,,,
DE,2013,5,119,2746,3847,77.300003,20,,,,,,,,,,,,,,,,,,,,,
DE,2013,6,122,2746,3847,77.300003,20,,,,,,,,,,,,,,,,,,,,,
DE,2013,7,86,2746,3847,77.300003,20,,,,,,,,,,,,,,,,,,,,,
DE,2013,8,96,2746,3847,77.300003,20,,,,,,,,,,,,,,,,,,,,,
DE,2013,9,175,2746,3847,77.300003,20,,,,,,,,,,,,,,,,,,,,,
DE,2013,10,198,2746,3847,77.300003,20,,,,,,,,,,,,,,,,,,,,,
DE,2013,11,180,2746,3847,77.300003,20,,,,,,,,,,,,,,,,,,,,,
DE,2013,12,175,2746,3847,77.300003,20,,,,,,,,,,,,,,,,,,,,,
DE,2014,1,171,3138,3905,74.099998,16,,,,,,,,,,,,,,,,,,,,,
DE,2014,2,133,3138,3905,74.099998,16,,,,,,,,,,,,,,,,,,,,,
DE,2014,3,217,3138,3905,74.099998,16,,,,,,,,,,,,,,,,,,,,,
DE,2014,4,181,3138,3905,74.099998,16,,,,,,,,,,,,,,,,,,,,,
DE,2014,5,134,3138,3905,74.099998,16,,,,,,,,,,,,,,,,,,,,,
DE,2014,6,186,3138,3905,74.099998,16,,,,,,,,,,,,,,,,,,,,,
DE,2014,7,190,3138,3905,74.099998,16,,,,,,,,,,,,,,,,,,,,,
DE,2014,8,137,3138,3905,74.099998,16,,,,,,,,,,,,,,,,,,,,,
DE,2014,9,122,3138,3905,74.099998,16,,,,,,,,,,,,,,,,,,,,,
DE,2014,10,123,3138,3905,74.099998,16,,,,,,,,,,,,,,,,,,,,,
DE,2014,11,165,3138,3905,74.099998,16,,,,,,,,,,,,,,,,,,,,,
DE,2014,12,113,3138,3905,74.099998,16,,,,,,,,,,,,,,,,,,,,,
DE,2015,1,176,,,,,,,,,,,,,,,,,,,,,,,,,
DE,2015,2,124,,,,,,,,,,,,,,,,,,,,,,,,,
DE,2015,3,150,,,,,,,,,,,,,,,,,,,,,,,,,
DE,2015,4,113,,,,,,,,,,,,,,,,,,,,,,,,,
DE,2015,5,132,,,,,,,,,,,,,,,,,,,,,,,,,
DE,2015,6,103,,,,,,,,,,,,,,,,,,,,,,,,,
DE,2015,7,88,,,,,,,,,,,,,,,,,,,,,,,,,
DE,2015,8,110,,,,,,,,,,,,,,,,,,,,,,,,,
DE,2015,9,91,,,,,,,,,,,,,,,,,,,,,,,,,
DE,2015,10,89,,,,,,,,,,,,,,,,,,,,,,,,,
DE,2015,11,114,,,,,,,,,,,,,,,,,,,,,,,,,
DE,2015,12,93,,,,,,,,,,,,,,,,,,,,,,,,,
DE,2016,1,119,,,,,,,,,,,,,,,,,,,,,,,,,
DE,2016,2,20,,,,,,,,,,,,,,,,,,,,,,,,,
PL,2004,1,0,,,,,,,,,,,,,,,,,,,,,,,,,
PL,2004,2,0,,,,,,,,,,,,,,,,,,,,,,,,,
PL,2004,3,0,,,,,,,,,,,,,,,,,,,,,,,,,
PL,2004,4,0,,,,,,,,,,,,,,,,,,,,,,,,,
PL,2004,5,0,,,,,,,,,,,,,,,,,,,,,,,,,
PL,2004,6,0,,,,,,,,,,,,,,,,,,,,,,,,,
PL,2004,7,0,,,,,,,,,,,,,,,,,,,,,,,,,
PL,2004,8,0,,,,,,,,,,,,,,,,,,,,,,,,,
PL,2004,9,0,,,,,,,,,,,,,,,,,,,,,,,,,
PL,2004,10,0,,,,,,,,,,,,,,,,,,,,,,,,,
PL,2004,11,0,,,,,,,,,,,,,,,,,,,,,,,,,
PL,2004,12,0,,,,,,,,,,,,,,,,,,,,,,,,,
PL,2005,1,0,,,,,,,,,,,,,,,,,,,,,,,,,
PL,2005,2,0,,,,,,,,,,,,,,,,,,,,,,,,,
PL,2005,3,0,,,,,,,,,,,,,,,,,,,,,,,,,
PL,2005,4,0,,,,,,,,,,,,,,,,,,,,,,,,,
PL,2005,5,0,,,,,,,,,,,,,,,,,,,,,,,,,
PL,2005,6,0,,,,,,,,,,,,,,,,,,,,,,,,,
PL,2005,7,0,,,,,,,,,,,,,,,,,,,,,,,,,
PL,2005,8,0,,,,,,,,,,,,,,,,,,,,,,,,,
PL,2005,9,0,,,,,,,,,,,,,,,,,,,,,,,,,
PL,2005,10,0,,,,,,,,,,,,,,,,,,,,,,,,,
PL,2005,11,0,,,,,,,,,,,,,,,,,,,,,,,,,
PL,2005,12,0,,,,,,,,,,,,,,,,,,,,,,,,,
PL,2006,1,0,,,,,,,,,,,,,,,,,,,,,,,,,
PL,2006,2,0,,,,,,,,,,,,,,,,,,,,,,,,,
PL,2006,3,0,,,,,,,,,,,,,,,,,,,,,,,,,
PL,2006,4,0,,,,,,,,,,,,,,,,,,,,,,,,,
PL,2006,5,0,,,,,,,,,,,,,,,,,,,,,,,,,
PL,2006,6,0,,,,,,,,,,,,,,,,,,,,,,,,,
PL,2006,7,0,,,,,,,,,,,,,,,,,,,,,,,,,
PL,2006,8,0,,,,,,,,,,,,,,,,,,,,,,,,,
PL,2006,9,0,,,,,,,,,,,,,,,,,,,,,,,,,
PL,2006,10,0,,,,,,,,,,,,,,,,,,,,,,,,,
PL,2006,11,0,,,,,,,,,,,,,,,,,,,,,,,,,
PL,2006,12,0,,,,,,,,,,,,,,,,,,,,,,,,,
PL,2007,1,0,,,,,,,,,,,,,,,,,,,,,,,,,
PL,2007,2,0,,,,,,,,,,,,,,,,,,,,,,,,,
PL,2007,3,0,,,,,,,,,,,,,,,,,,,,,,,,,
PL,2007,4,0,,,,,,,,,,,,,,,,,,,,,,,,,
PL,2007,5,0,,,,,,,,,,,,,,,,,,,,,,,,,
PL,2007,6,0,,,,,,,,,,,,,,,,,,,,,,,,,
PL,2007,7,0,,,,,,,,,,,,,,,,,,,,,,,,,
PL,2007,8,0,,,,,,,,,,,,,,,,,,,,,,,,,
PL,2007,9,0,,,,,,,,,,,,,,,,,,,,,,,,,
PL,2007,10,0,,,,,,,,,,,,,,,,,,,,,,,,,
PL,2007,11,0,,,,,,,,,,,,,,,,,,,,,,,,,
PL,2007,12,0,,,,,,,,,,,,,,,,,,,,,,,,,
PL,2008,1,0,,,,,,,,,,,,,,,,,,,,,,,,,
PL,2008,2,0,,,,,,,,,,,,,,,,,,,,,,,,,
PL,2008,3,0,,,,,,,,,,,,,,,,,,,,,,,,,
PL,2008,4,0,,,,,,,,,,,,,,,,,,,,,,,,,
PL,2008,5,80,,,,,,,,,,,,,,,,,,,,,,,,,
PL,2008,6,0,,,,,,,,,,,,,,,,,,,,,,,,,
PL,2008,7,0,,,,,,,,,,,,,,,,,,,,,,,,,
PL,2008,8,0,,,,,,,,,,,,,,,,,,,,,,,,,
PL,2008,9,89,,,,,,,,,,,,,,,,,,,,,,,,,
PL,2008,10,0,,,,,,,,,,,,,,,,,,,,,,,,,
PL,2008,11,0,,,,,,,,,,,,,,,,,,,,,,,,,
PL,2008,12,0,,,,,,,,,,,,,,,,,,,,,,,,,
PL,2009,1,0,,,,,,,,,,,,,,,,,,,,,,,,,
PL,2009,2,0,,,,,,,,,,,,,,,,,,,,,,,,,
PL,2009,3,0,,,,,,,,,,,,,,,,,,,,,,,,,
PL,2009,4,0,,,,,,,,,,,,,,,,,,,,,,,,,
PL,2009,5,0,,,,,,,,,,,,,,,,,,,,,,,,,
PL,2009,6,0,,,,,,,,,,,,,,,,,,,,,,,,,
PL,2009,7,0,,,,,,,,,,,,,,,,,,,,,,,,,
PL,2009,8,0,,,,,,,,,,,,,,,,,,,,,,,,,
PL,2009,9,0,,,,,,,,,,,,,,,,,,,,,,,,,
PL,2009,10,0,,,,,,,,,,,,,,,,,,,,,,,,,
PL,2009,11,0,,,,,,,,,,,,,,,,,,,,,,,,,
PL,2009,12,0,,,,,,,,,,,,,,,,,,,,,,,,,
PL,2010,1,0,,,,,,,,,,,,,,,,,,,,,,,,,
PL,2010,2,0,,,,,,,,,,,,,,,,,,,,,,,,,
PL,2010,3,0,,,,,,,,,,,,,,,,,,,,,,,,,
PL,2010,4,0,,,,,,,,,,,,,,,,,,,,,,,,,
PL,2010,5,67,,,,,,,,,,,,,,,,,,,,,,,,,
PL,2010,6,0,,,,,,,,,,,,,,,,,,,,,,,,,
PL,2010,7,0,,,,,,,,,,,,,,,,,,,,,,,,,
PL,2010,8,0,,,,,,,,,,,,,,,,,,,,,,,,,
PL,2010,9,0,,,,,,,,,,,,,,,,,,,,,,,,,
PL,2010,10,0,,,,,,,,,,,,,,,,,,,,,,,,,
PL,2010,11,0,,,,,,,,,,,,,,,,,,,,,,,,,
PL,2010,12,0,,,,,,,,,,,,,,,,,,,,,,,,,
PL,2011,1,70,,,,,,,,,,,,,,,,,,,,,,,,,
PL,2011,2,160,,,,,,,,,,,,,,,,,,,,,,,,,
PL,2011,3,0,,,,,,,,,,,,,,,,,,,,,,,,,
PL,2011,4,0,,,,,,,,,,,,,,,,,,,,,,,,,
PL,2011,5,0,,,,,,,,,,,,,,,,,,,,,,,,,
PL,2011,6,117,,,,,,,,,,,,,,,,,,,,,,,,,
PL,2011,7,115,,,,,,,,,,,,,,,,,,,,,,,,,
PL,2011,8,0,,,,,,,,,,,,,,,,,,,,,,,,,
PL,2011,9,36,,,,,,,,,,,,,,,,,,,,,,,,,
PL,2011,10,0,,,,,,,,,,,,,,,,,,,,,,,,,
PL,2011,11,0,,,,,,,,,,,,,,,,,,,,,,,,,
PL,2011,12,0,,,,,,,,,,,,,,,,,,,,,,,,,
PL,2012,1,138,,,,,,,,,,,,,,,,,,,,,,,,,
PL,2012,2,128,,,,,,,,,,,,,,,,,,,,,,,,,
PL,2012,3,0,,,,,,,,,,,,,,,,,,,,,,,,,
PL,2012,4,0,,,,,,,,,,,,,,,,,,,,,,,,,
PL,2012,5,0,,,,,,,,,,,,,,,,,,,,,,,,,
PL,2012,6,0,,,,,,,,,,,,,,,,,,,,,,,,,
PL,2012,7,0,,,,,,,,,,,,,,,,,,,,,,,,,
PL,2012,8,0,,,,,,,,,,,,,,,,,,,,,,,,,
PL,2012,9,67,,,,,,,,,,,,,,,,,,,,,,,,,
PL,2012,10,87,,,,,,,,,,,,,,,,,,,,,,,,,
PL,2012,11,0,,,,,,,,,,,,,,,,,,,,,,,,,
PL,2012,12,241,,,,,,,,,,,,,,,,,,,,,,,,,
PL,2013,1,137,,,,,,,,,,,,,,,,,,,,,,,,,
PL,2013,2,112,,,,,,,,,,,,,,,,,,,,,,,,,
PL,2013,3,157,,,,,,,,,,,,,,,,,,,,,,,,,
PL,2013,4,134,,,,,,,,,,,,,,,,,,,,,,,,,
PL,2013,5,114,,,,,,,,,,,,,,,,,,,,,,,,,
PL,2013,6,85,,,,,,,,,,,,,,,,,,,,,,,,,
PL,2013,7,0,,,,,,,,,,,,,,,,,,,,,,,,,
PL,2013,8,197,,,,,,,,,,,,,,,,,,,,,,,,,
PL,2013,9,234,,,,,,,,,,,,,,,,,,,,,,,,,
PL,2013,10,203,,,,,,,,,,,,,,,,,,,,,,,,,
PL,2013,11,134,,,,,,,,,,,,,,,,,,,,,,,,,
PL,2013,12,186,,,,,,,,,,,,,,,,,,,,,,,,,
PL,2014,1,127,,,,,,,,,,,,,,,,,,,,,,,,,
PL,2014,2,120,,,,,,,,,,,,,,,,,,,,,,,,,
PL,2014,3,160,,,,,,,,,,,,,,,,,,,,,,,,,
PL,2014,4,141,,,,,,,,,,,,,,,,,,,,,,,,,
PL,2014,5,119,,,,,,,,,,,,,,,,,,,,,,,,,
PL,2014,6,285,,,,,,,,,,,,,,,,,,,,,,,,,
PL,2014,7,136,,,,,,,,,,,,,,,,,,,,,,,,,
PL,2014,8,175,,,,,,,,,,,,,,,,,,,,,,,,,
PL,2014,9,140,,,,,,,,,,,,,,,,,,,,,,,,,
PL,2014,10,108,,,,,,,,,,,,,,,,,,,,,,,,,
PL,2014,11,134,,,,,,,,,,,,,,,,,,,,,,,,,
PL,2014,12,112,,,,,,,,,,,,,,,,,,,,,,,,,
PL,2015,1,92,,,,,,,,,,,,,,,,,,,,,,,,,
PL,2015,2,103,,,,,,,,,,,,,,,,,,,,,,,,,
PL,2015,3,124,,,,,,,,,,,,,,,,,,,,,,,,,
PL,2015,4,95,,,,,,,,,,,,,,,,,,,,,,,,,
PL,2015,5,119,,,,,,,,,,,,,,,,,,,,,,,,,
PL,2015,6,96,,,,,,,,,,,,,,,,,,,,,,,,,
PL,2015,7,103,,,,,,,,,,,,,,,,,,,,,,,,,
PL,2015,8,182,,,,,,,,,,,,,,,,,,,,,,,,,
PL,2015,9,87,,,,,,,,,,,,,,,,,,,,,,,,,
PL,2015,10,95,,,,,,,,,,,,,,,,,,,,,,,,,
PL,2015,11,117,,,,,,,,,,,,,,,,,,,,,,,,,
PL,2015,12,94,,,,,,,,,,,,,,,,,,,,,,,,,
PL,2016,1,100,,,,,,,,,,,,,,,,,,,,,,,,,
PL,2016,2,0,,,,,,,,,,,,,,,,,,,,,,,,,
